"u","connectivity","offsets","types","vtkValidPointMask","arc_length","Points:0","Points:1","Points:2"
1,2839630160,2839630176,0,1,0,0,0,0
1,2839630160,2839630176,0,1,0.001,0.001,6.25e-06,0
1,2839630160,2839630176,0,1,0.002,0.002,1.25e-05,0
1,2839630160,2839630176,0,1,0.0030001,0.003,1.875e-05,0
1,2839630160,2839630176,0,1,0.0040001,0.004,2.5e-05,0
1,2839630160,2839630176,0,1,0.0050001,0.005,3.125e-05,0
1,2839630160,2839630176,0,1,0.0060001,0.006,3.75e-05,0
1,2839630160,112062224,0,1,0.0070001,0.007,4.375e-05,0
1,2839630160,112062224,0,1,0.0080002,0.008,5e-05,0
1,2839630160,112062224,0,1,0.0090002,0.009,5.625e-05,0
1,2839630160,112062224,0,1,0.01,0.01,6.25e-05,0
1,2839630160,112062224,0,1,0.011,0.011,6.875e-05,0
1,2839630160,112062224,0,1,0.012,0.012,7.5e-05,0
1,112276768,112062224,0,1,0.013,0.013,8.125e-05,0
1,112276768,112062224,0,1,0.014,0.014,8.75e-05,0
1,112276768,112062224,0,1,0.015,0.015,9.375e-05,0
1,112276768,112062224,0,1,0.016,0.016,0.0001,0
1,112276768,112062224,0,1,0.017,0.017,0.00010625,0
1,112276768,112062224,0,1,0.018,0.018,0.0001125,0
1,112276768,112062224,0,1,0.019,0.019,0.00011875,0
1,112276768,112062224,0,1,0.02,0.02,0.000125,0
1,112276768,112062224,0,1,0.021,0.021,0.00013125,0
1,112276768,112062224,0,1,0.022,0.022,0.0001375,0
1,112276768,112062224,0,1,0.023,0.023,0.00014375,0
1,112276768,112062224,0,1,0.024,0.024,0.00015,0
1,28271,1634599033,0,1,0.025,0.025,0.00015625,0
1,28271,1634599033,0,1,0.026001,0.026,0.0001625,0
1,28271,1634599033,0,1,0.027001,0.027,0.00016875,0
1,28271,1634599033,0,1,0.028001,0.028,0.000175,0
1,28271,1634599033,0,1,0.029001,0.029,0.00018125,0
1,28271,1634599033,0,1,0.030001,0.03,0.0001875,0
1,28271,1634599033,0,1,0.031001,0.031,0.00019375,0
1,1685221215,1634296942,0,1,0.032001,0.032,0.0002,0
1,1685221215,1634296942,0,1,0.033001,0.033,0.00020625,0
1,1685221215,1634296942,0,1,0.034001,0.034,0.0002125,0
1,1685221215,1634296942,0,1,0.035001,0.035,0.00021875,0
1,1685221215,1634296942,0,1,0.036001,0.036,0.000225,0
1,1685221215,1634296942,0,1,0.037001,0.037,0.00023125,0
1,1886220131,1766611563,0,1,0.038001,0.038,0.0002375,0
1,1886220131,1766611563,0,1,0.039001,0.039,0.00024375,0
1,1886220131,1766611563,0,1,0.040001,0.04,0.00025,0
1,1886220131,1766611563,0,1,0.041001,0.041,0.00025625,0
1,1886220131,1766611563,0,1,0.042001,0.042,0.0002625,0
1,1886220131,1766611563,0,1,0.043001,0.043,0.00026875,0
1,1426092655,1836008289,0,1,0.044001,0.044,0.000275,0
1,1426092655,1836008289,0,1,0.045001,0.045,0.00028125,0
1,1426092655,1836008289,0,1,0.046001,0.046,0.0002875,0
1,1426092655,1836008289,0,1,0.047001,0.047,0.00029375,0
1,1426092655,1836008289,0,1,0.048001,0.048,0.0003,0
1,1426092655,1836008289,0,1,0.049001,0.049,0.00030625,0
1,1970561909,7499635,0,1,0.050001,0.05,0.0003125,0
1,1970561909,7499635,0,1,0.051001,0.051,0.00031875,0
1,1970561909,7499635,0,1,0.052001,0.052,0.000325,0
1,1970561909,7499635,0,1,0.053001,0.053,0.00033125,0
1,1970561909,7499635,0,1,0.054001,0.054,0.0003375,0
1,1970561909,7499635,0,1,0.055001,0.055,0.00034375,0
1,1197761906,0,0,1,0.056001,0.056,0.00035,0
1,6580594,0,0,1,0.057001,0.057,0.00035625,0
1,6580594,0,0,1,0.058001,0.058,0.0003625,0
1,6580594,0,0,1,0.059001,0.059,0.00036875,0
1,6580594,0,0,1,0.060001,0.06,0.000375,0
1,6580594,0,0,1,0.061001,0.061,0.00038125,0
1,6580594,0,0,1,0.062001,0.062,0.0003875,0
1,1308622949,213,0,1,0.063001,0.063,0.00039375,0
1,1308622949,213,0,1,0.064001,0.064,0.0004,0
1,1308622949,213,0,1,0.065001,0.065,0.00040625,0
1,1308622949,213,0,1,0.066001,0.066,0.0004125,0
1,1308622949,213,0,1,0.067001,0.067,0.00041875,0
1,1308622949,213,0,1,0.068001,0.068,0.000425,0
1,1348882290,0,0,1,0.069001,0.069,0.00043125,0
1,1348882290,0,0,1,0.070001,0.07,0.0004375,0
1,1348882290,0,0,1,0.071001,0.071,0.00044375,0
1,1348882290,0,0,1,0.072001,0.072,0.00045,0
1,1348882290,0,0,1,0.073001,0.073,0.00045625,0
1,1348882290,0,0,1,0.074001,0.074,0.0004625,0
1,1308622963,0,0,1,0.075001,0.075,0.00046875,0
1,1308622963,0,0,1,0.076001,0.076,0.000475,0
1,1308622963,0,0,1,0.077002,0.077,0.00048125,0
1,1308622963,0,0,1,0.078002,0.078,0.0004875,0
1,1308622963,0,0,1,0.079002,0.079,0.00049375,0
1,1308622963,0,0,1,0.080002,0.08,0.0005,0
1,1700949365,487,0,1,0.081002,0.081,0.00050625,0
1,1130778482,0,0,1,0.082002,0.082,0.0005125,0
1,1130778482,0,0,1,0.083002,0.083,0.00051875,0
1,1130778482,0,0,1,0.084002,0.084,0.000525,0
1,1130778482,0,0,1,0.085002,0.085,0.00053125,0
1,1130778482,0,0,1,0.086002,0.086,0.0005375,0
1,1936485477,0,0,1,0.087002,0.087,0.00054375,0
1,1768902656,0,0,1,0.088002,0.088,0.00055,0
1,1768902656,0,0,1,0.089002,0.089,0.00055625,0
1,1768902656,0,0,1,0.090002,0.09,0.0005625,0
1,1768902656,0,0,1,0.091002,0.091,0.00056875,0
1,1768902656,0,0,1,0.092002,0.092,0.000575,0
1,1768902656,0,0,1,0.093002,0.093,0.00058125,0
1,1635017028,244,0,1,0.094002,0.094,0.0005875,0
1,1635017028,244,0,1,0.095002,0.095,0.00059375,0
1,1635017028,244,0,1,0.096002,0.096,0.0006,0
1,1635017028,244,0,1,0.097002,0.097,0.00060625,0
1,1635017028,244,0,1,0.098002,0.098,0.0006125,0
1,1635017028,244,0,1,0.099002,0.099,0.00061875,0
1,1308622969,0,0,1,0.1,0.1,0.000625,0
1,1308622969,0,0,1,0.101,0.101,0.00063125,0
1,1308622969,0,0,1,0.102,0.102,0.0006375,0
1,1308622969,0,0,1,0.103,0.103,0.00064375,0
1,1308622969,0,0,1,0.104,0.104,0.00065,0
1,1308622969,0,0,1,0.105,0.105,0.00065625,0
1,1700949365,0,0,1,0.106,0.106,0.0006625,0
1,1130778482,0,0,1,0.107,0.107,0.00066875,0
1,1130778482,0,0,1,0.108,0.108,0.000675,0
1,1130778482,0,0,1,0.109,0.109,0.00068125,0
1,1130778482,0,0,1,0.11,0.11,0.0006875,0
1,1130778482,0,0,1,0.111,0.111,0.00069375,0
1,1869639023,486,0,1,0.112,0.112,0.0007,0
1,1953391982,0,0,1,0.113,0.113,0.00070625,0
1,1953391982,0,0,1,0.114,0.114,0.0007125,0
1,1953391982,0,0,1,0.115,0.115,0.00071875,0
1,1953391982,0,0,1,0.116,0.116,0.000725,0
1,1953391982,0,0,1,0.117,0.117,0.00073125,0
1,1953391982,0,0,1,0.118,0.118,0.0007375,0
1,1634562671,0,0,1,0.119,0.119,0.00074375,0
1,1634562671,0,0,1,0.12,0.12,0.00075,0
1,1634562671,0,0,1,0.121,0.121,0.00075625,0
1,1634562671,0,0,1,0.122,0.122,0.0007625,0
1,1634562671,0,0,1,0.123,0.123,0.00076875,0
1,1634562671,0,0,1,0.124,0.124,0.000775,0
1,7564396,469,0,1,0.125,0.125,0.00078125,0
1,7564396,469,0,1,0.126,0.126,0.0007875,0
1,7564396,469,0,1,0.127,0.127,0.00079375,0
1,7564396,469,0,1,0.128,0.128,0.0008,0
1,7564396,469,0,1,0.129,0.129,0.00080625,0
1,7564396,469,0,1,0.13,0.13,0.0008125,0
1,1835093504,0,0,1,0.131,0.131,0.00081875,0
1,1867513957,0,0,1,0.132,0.132,0.000825,0
1,1867513957,0,0,1,0.133,0.133,0.00083125,0
1,1867513957,0,0,1,0.134,0.134,0.0008375,0
1,1867513957,0,0,1,0.135,0.135,0.00084375,0
1,1867513957,0,0,1,0.136,0.136,0.00085,0
1,1148481129,0,0,1,0.137,0.137,0.00085625,0
1,6386785,0,80,1,0.138,0.138,0.0008625,0
1,6386785,0,80,1,0.139,0.139,0.00086875,0
1,6386785,0,80,1,0.14,0.14,0.000875,0
1,6386785,0,80,1,0.141,0.141,0.00088125,0
1,6386785,0,80,1,0.142,0.142,0.0008875,0
1,1633899264,301,80,1,0.143,0.143,0.00089375,0
1,1936875884,0,80,1,0.144,0.144,0.0009,0
1,1936875884,0,80,1,0.145,0.145,0.00090625,0
1,1936875884,0,80,1,0.146,0.146,0.0009125,0
1,1936875884,0,80,1,0.147,0.147,0.00091875,0
1,1936875884,0,80,1,0.148,0.148,0.000925,0
1,1936875884,0,80,1,0.149,0.149,0.00093125,0
1,1952542066,0,80,1,0.15,0.15,0.0009375,0
1,1952542066,0,80,1,0.151,0.151,0.00094375,0
1,1952542066,0,80,1,0.152,0.152,0.00095,0
1,1952542066,0,80,1,0.153,0.153,0.00095625,0
1,1952542066,0,80,1,0.154,0.154,0.0009625,0
1,1952542066,0,80,1,0.155,0.155,0.00096875,0
1,0,0,80,1,0.156,0.156,0.000975,0
1,0,244,80,1,0.157,0.157,0.00098125,0
1,0,244,80,1,0.158,0.158,0.0009875,0
1,0,244,80,1,0.159,0.159,0.00099375,0
1,0,244,80,1,0.16,0.16,0.001,0
1,0,244,80,1,0.161,0.161,0.0010063,0
1,0,0,80,1,0.162,0.162,0.0010125,0
1,0,0,0,1,0.163,0.163,0.0010188,0
1,0,0,0,1,0.164,0.164,0.001025,0
1,0,0,0,1,0.165,0.165,0.0010312,0
1,0,0,0,1,0.166,0.166,0.0010375,0
1,0,0,0,1,0.167,0.167,0.0010437,0
1,0,0,0,1,0.168,0.168,0.00105,0
1,0,0,0,1,0.169,0.169,0.0010562,0
1,0,0,0,1,0.17,0.17,0.0010625,0
1,0,0,0,1,0.171,0.171,0.0010688,0
1,0,0,0,1,0.172,0.172,0.001075,0
1,0,0,0,1,0.173,0.173,0.0010813,0
1,0,315,0,1,0.174,0.174,0.0010875,0
1,0,315,0,1,0.175,0.175,0.0010938,0
1,0,0,0,1,0.176,0.176,0.0011,0
1,0,0,0,1,0.177,0.177,0.0011062,0
1,0,0,0,1,0.178,0.178,0.0011125,0
1,0,0,0,1,0.179,0.179,0.0011187,0
1,0,0,0,1,0.18,0.18,0.001125,0
1,0,0,0,1,0.181,0.181,0.0011313,0
1,0,0,0,1,0.182,0.182,0.0011375,0
1,0,0,0,1,0.183,0.183,0.0011438,0
1,0,0,0,1,0.184,0.184,0.00115,0
1,0,0,0,1,0.185,0.185,0.0011563,0
1,0,0,0,1,0.186,0.186,0.0011625,0
1,0,0,0,1,0.187,0.187,0.0011687,0
1,0,472,0,1,0.188,0.188,0.001175,0
1,0,472,0,1,0.189,0.189,0.0011812,0
1,0,472,0,1,0.19,0.19,0.0011875,0
1,0,472,0,1,0.191,0.191,0.0011937,0
1,0,472,0,1,0.192,0.192,0.0012,0
1,0,0,0,1,0.193,0.193,0.0012063,0
1,0,0,0,1,0.194,0.194,0.0012125,0
1,0,0,0,1,0.195,0.195,0.0012188,0
1,0,0,0,1,0.196,0.196,0.001225,0
1,0,0,0,1,0.197,0.197,0.0012313,0
1,0,0,0,1,0.198,0.198,0.0012375,0
1,0,0,0,1,0.199,0.199,0.0012437,0
1,0,0,0,1,0.2,0.2,0.00125,0
1,0,0,0,1,0.201,0.201,0.0012562,0
1,0,0,0,1,0.202,0.202,0.0012625,0
1,0,0,0,1,0.203,0.203,0.0012688,0
1,0,0,0,1,0.204,0.204,0.001275,0
1,0,470,0,1,0.205,0.205,0.0012813,0
1,0,470,0,1,0.206,0.206,0.0012875,0
1,0,0,0,1,0.207,0.207,0.0012938,0
1,0,0,0,1,0.208,0.208,0.0013,0
1,0,0,0,1,0.209,0.209,0.0013062,0
1,0,0,0,1,0.21,0.21,0.0013125,0
1,0,0,0,1,0.211,0.211,0.0013187,0
1,0,0,0,1,0.212,0.212,0.001325,0
1,0,0,0,1,0.213,0.213,0.0013312,0
1,0,0,0,1,0.214,0.214,0.0013375,0
1,0,0,0,1,0.215,0.215,0.0013438,0
1,0,0,0,1,0.216,0.216,0.00135,0
1,0,0,0,1,0.217,0.217,0.0013563,0
1,0,0,0,1,0.218,0.218,0.0013625,0
1,0,487,0,1,0.219,0.219,0.0013688,0
1,0,487,0,1,0.22,0.22,0.001375,0
1,0,487,0,1,0.221,0.221,0.0013812,0
1,0,487,0,1,0.222,0.222,0.0013875,0
1,0,487,0,1,0.223,0.223,0.0013937,0
1,0,0,0,1,0.224,0.224,0.0014,0
0.99999,0,0,0,1,0.225,0.225,0.0014063,0
0.99999,0,0,0,1,0.226,0.226,0.0014125,0
0.99999,0,0,0,1,0.227,0.227,0.0014188,0
0.99999,0,0,0,1,0.228,0.228,0.001425,0
0.99999,0,0,0,1,0.229,0.229,0.0014313,0
0.99998,0,0,0,1,0.23,0.23,0.0014375,0
0.99998,0,0,0,1,0.231,0.231,0.0014437,0
0.99998,0,0,0,1,0.232,0.232,0.00145,0
0.99997,0,0,0,1,0.233,0.233,0.0014562,0
0.99996,0,0,0,1,0.234,0.234,0.0014625,0
0.99996,0,0,0,1,0.235,0.235,0.0014687,0
0.99995,0,0,0,1,0.236,0.236,0.001475,0
0.99995,0,244,0,1,0.237,0.237,0.0014813,0
0.99994,0,0,0,1,0.238,0.238,0.0014875,0
0.99992,0,0,0,1,0.239,0.239,0.0014938,0
0.99991,0,0,0,1,0.24,0.24,0.0015,0
0.99989,0,0,0,1,0.241,0.241,0.0015063,0
0.99988,0,0,0,1,0.242,0.242,0.0015125,0
0.99986,0,0,0,1,0.243,0.243,0.0015187,0
0.99985,0,0,0,1,0.244,0.244,0.001525,0
0.99981,0,0,0,1,0.245,0.245,0.0015312,0
0.99978,0,0,0,1,0.246,0.246,0.0015375,0
0.99975,0,0,0,1,0.247,0.247,0.0015438,0
0.99972,0,0,0,1,0.248,0.248,0.00155,0
0.99968,0,0,0,1,0.249,0.249,0.0015563,0
0.99965,0,0,0,1,0.25,0.25,0.0015625,0
0.99959,0,270,80,1,0.251,0.251,0.0015688,0
0.99952,0,270,80,1,0.252,0.252,0.001575,0
0.99946,0,270,80,1,0.253,0.253,0.0015812,0
0.99939,0,270,80,1,0.254,0.254,0.0015875,0
0.99933,0,0,80,1,0.255,0.255,0.0015937,0
0.99926,0,0,80,1,0.25601,0.256,0.0016,0
0.99915,0,0,80,1,0.25701,0.257,0.0016062,0
0.99903,0,0,80,1,0.25801,0.258,0.0016125,0
0.99891,0,0,80,1,0.25901,0.259,0.0016188,0
0.99879,0,0,80,1,0.26001,0.26,0.001625,0
0.99867,0,0,80,1,0.26101,0.261,0.0016313,0
0.99855,0,0,80,1,0.26201,0.262,0.0016375,0
0.99838,0,0,160,1,0.26301,0.263,0.0016438,0
0.99818,0,0,160,1,0.26401,0.264,0.00165,0
0.99797,0,0,160,1,0.26501,0.265,0.0016562,0
0.99776,0,0,160,1,0.26601,0.266,0.0016625,0
0.99756,0,0,160,1,0.26701,0.267,0.0016687,0
0.99735,0,213,160,1,0.26801,0.268,0.001675,0
0.99711,0,0,160,1,0.26901,0.269,0.0016813,0
0.99678,0,0,160,1,0.27001,0.27,0.0016875,0
0.99645,0,0,160,1,0.27101,0.271,0.0016938,0
0.99612,0,0,160,1,0.27201,0.272,0.0017,0
0.99579,0,0,160,1,0.27301,0.273,0.0017063,0
0.99546,0,0,160,1,0.27401,0.274,0.0017125,0
0.99513,0,0,80,1,0.27501,0.275,0.0017187,0
0.99464,0,0,80,1,0.27601,0.276,0.001725,0
0.99415,0,0,80,1,0.27701,0.277,0.0017312,0
0.99366,0,0,80,1,0.27801,0.278,0.0017375,0
0.99316,0,0,80,1,0.27901,0.279,0.0017437,0
0.99267,0,0,80,1,0.28001,0.28,0.00175,0
0.99218,0,0,80,1,0.28101,0.281,0.0017563,0
0.99155,0,213,80,1,0.28201,0.282,0.0017625,0
0.99086,0,213,80,1,0.28301,0.283,0.0017688,0
0.99017,0,213,80,1,0.28401,0.284,0.001775,0
0.98949,0,213,80,1,0.28501,0.285,0.0017813,0
0.9888,0,0,80,1,0.28601,0.286,0.0017875,0
0.98812,0,0,80,1,0.28701,0.287,0.0017937,0
0.98732,0,0,0,1,0.28801,0.288,0.0018,0
0.98641,0,0,0,1,0.28901,0.289,0.0018062,0
0.98551,0,0,0,1,0.29001,0.29,0.0018125,0
0.9846,0,0,0,1,0.29101,0.291,0.0018188,0
0.9837,0,0,0,1,0.29201,0.292,0.001825,0
0.98279,0,0,0,1,0.29301,0.293,0.0018313,0
0.98183,0,0,0,1,0.29401,0.294,0.0018375,0
0.98069,0,0,0,1,0.29501,0.295,0.0018438,0
0.97955,0,0,0,1,0.29601,0.296,0.00185,0
0.97841,0,0,0,1,0.29701,0.297,0.0018562,0
0.97727,0,0,0,1,0.29801,0.298,0.0018625,0
0.97613,0,472,0,1,0.29901,0.299,0.0018687,0
0.97499,0,0,0,1,0.30001,0.3,0.001875,0
0.97362,0,0,0,1,0.30101,0.301,0.0018812,0
0.97225,0,0,0,1,0.30201,0.302,0.0018875,0
0.97088,0,0,0,1,0.30301,0.303,0.0018938,0
0.96951,0,0,0,1,0.30401,0.304,0.0019,0
0.96813,0,0,0,1,0.30501,0.305,0.0019063,0
0.96676,0,0,0,1,0.30601,0.306,0.0019125,0
0.96522,0,0,0,1,0.30701,0.307,0.0019188,0
0.96363,0,0,0,1,0.30801,0.308,0.001925,0
0.96204,0,0,0,1,0.30901,0.309,0.0019312,0
0.96044,0,0,0,1,0.31001,0.31,0.0019375,0
0.95885,0,0,0,1,0.31101,0.311,0.0019437,0
0.95726,0,0,0,1,0.31201,0.312,0.00195,0
0.95556,0,244,0,1,0.31301,0.313,0.0019563,0
0.95377,0,244,0,1,0.31401,0.314,0.0019625,0
0.95197,0,244,0,1,0.31501,0.315,0.0019688,0
0.95018,0,244,0,1,0.31601,0.316,0.001975,0
0.94839,0,0,0,1,0.31701,0.317,0.0019813,0
0.94659,0,0,0,1,0.31801,0.318,0.0019875,0
0.94475,0,0,0,1,0.31901,0.319,0.0019937,0
0.94278,0,0,0,1,0.32001,0.32,0.002,0
0.94081,0,0,0,1,0.32101,0.321,0.0020062,0
0.93884,0,0,0,1,0.32201,0.322,0.0020125,0
0.93687,0,0,0,1,0.32301,0.323,0.0020187,0
0.9349,0,0,0,1,0.32401,0.324,0.002025,0
0.93293,0,0,0,1,0.32501,0.325,0.0020312,0
0.93081,0,0,0,1,0.32601,0.326,0.0020375,0
0.92869,0,0,0,1,0.32701,0.327,0.0020437,0
0.92657,0,0,0,1,0.32801,0.328,0.00205,0
0.92444,0,0,0,1,0.32901,0.329,0.0020563,0
0.92232,0,213,0,1,0.33001,0.33,0.0020625,0
0.9202,0,213,0,1,0.33101,0.331,0.0020688,0
0.91799,0,0,0,1,0.33201,0.332,0.002075,0
0.91575,0,0,0,1,0.33301,0.333,0.0020813,0
0.91351,0,0,0,1,0.33401,0.334,0.0020875,0
0.91127,0,0,0,1,0.33501,0.335,0.0020938,0
0.90903,0,0,0,1,0.33601,0.336,0.0021,0
0.90678,0,0,0,1,0.33701,0.337,0.0021063,0
0.90449,0,0,0,1,0.33801,0.338,0.0021125,0
0.90216,0,0,0,1,0.33901,0.339,0.0021188,0
0.89982,0,0,0,1,0.34001,0.34,0.002125,0
0.89748,0,0,0,1,0.34101,0.341,0.0021312,0
0.89514,0,0,0,1,0.34201,0.342,0.0021375,0
0.89281,0,0,0,1,0.34301,0.343,0.0021437,0
0.89045,0,486,0,1,0.34401,0.344,0.00215,0
0.88804,0,486,0,1,0.34501,0.345,0.0021562,0
0.88563,0,486,0,1,0.34601,0.346,0.0021625,0
0.88322,0,486,0,1,0.34701,0.347,0.0021687,0
0.88081,0,0,0,1,0.34801,0.348,0.002175,0
0.87841,0,0,0,1,0.34901,0.349,0.0021812,0
0.876,0,0,0,1,0.35001,0.35,0.0021875,0
0.87354,0,0,0,1,0.35101,0.351,0.0021938,0
0.87108,0,0,0,1,0.35201,0.352,0.0022,0
0.86862,0,0,0,1,0.35301,0.353,0.0022063,0
0.86616,0,0,0,1,0.35401,0.354,0.0022125,0
0.8637,0,0,0,1,0.35501,0.355,0.0022188,0
0.86124,0,0,0,1,0.35601,0.356,0.002225,0
0.85876,0,0,0,1,0.35701,0.357,0.0022313,0
0.85628,0,0,0,1,0.35801,0.358,0.0022375,0
0.85379,0,0,0,1,0.35901,0.359,0.0022438,0
0.8513,0,0,0,1,0.36001,0.36,0.00225,0
0.84881,0,270,0,1,0.36101,0.361,0.0022563,0
0.84632,0,270,0,1,0.36201,0.362,0.0022625,0
0.84383,0,0,80,1,0.36301,0.363,0.0022687,0
0.84133,0,0,80,1,0.36401,0.364,0.002275,0
0.83883,0,0,80,1,0.36501,0.365,0.0022812,0
0.83633,0,0,80,1,0.36601,0.366,0.0022875,0
0.83384,0,0,80,1,0.36701,0.367,0.0022937,0
0.83134,0,0,80,1,0.36801,0.368,0.0023,0
0.82884,0,0,80,1,0.36901,0.369,0.0023062,0
0.82635,0,0,80,1,0.37001,0.37,0.0023125,0
0.82386,0,0,80,1,0.37101,0.371,0.0023187,0
0.82137,0,0,80,1,0.37201,0.372,0.002325,0
0.81888,0,0,80,1,0.37301,0.373,0.0023313,0
0.81639,0,0,80,1,0.37401,0.374,0.0023375,0
0.8139,0,469,160,1,0.37501,0.375,0.0023438,0
0.81143,0,469,160,1,0.37601,0.376,0.00235,0
0.80897,0,469,160,1,0.37701,0.377,0.0023563,0
0.80651,0,469,160,1,0.37801,0.378,0.0023625,0
0.80405,0,0,160,1,0.37901,0.379,0.0023688,0
0.80158,0,0,160,1,0.38001,0.38,0.002375,0
0.79912,0,0,160,1,0.38101,0.381,0.0023813,0
0.7967,0,0,160,1,0.38201,0.382,0.0023875,0
0.7943,0,0,160,1,0.38301,0.383,0.0023938,0
0.79189,0,0,160,1,0.38401,0.384,0.0024,0
0.78948,0,0,160,1,0.38501,0.385,0.0024062,0
0.78708,0,0,160,1,0.38601,0.386,0.0024125,0
0.78467,0,0,160,1,0.38701,0.387,0.0024187,0
0.78231,3,0,160,1,0.38801,0.388,0.002425,0
0.78,3,0,160,1,0.38901,0.389,0.0024312,0
0.77768,3,0,160,1,0.39001,0.39,0.0024375,0
0.77536,3,0,160,1,0.39101,0.391,0.0024437,0
0.77305,38,315,160,1,0.39201,0.392,0.00245,0
0.77073,38,315,160,1,0.39301,0.393,0.0024562,0
0.76845,82,0,160,1,0.39401,0.394,0.0024625,0
0.76627,82,0,160,1,0.39501,0.395,0.0024688,0
0.76409,82,0,160,1,0.39601,0.396,0.002475,0
0.7619,82,0,160,1,0.39701,0.397,0.0024813,0
0.75972,88,0,160,1,0.39801,0.398,0.0024875,0
0.75754,88,0,160,1,0.39901,0.399,0.0024938,0
0.75536,79,0,80,1,0.40001,0.4,0.0025,0
0.75338,79,0,80,1,0.40101,0.401,0.0025063,0
0.7514,79,0,80,1,0.40201,0.402,0.0025125,0
0.74942,79,0,80,1,0.40301,0.403,0.0025188,0
0.74744,71,0,80,1,0.40401,0.404,0.002525,0
0.74547,71,0,80,1,0.40501,0.405,0.0025313,0
0.74349,71,0,80,1,0.40601,0.406,0.0025375,0
0.74175,3,748,80,1,0.40701,0.407,0.0025437,0
0.74008,3,748,80,1,0.40801,0.408,0.00255,0
0.73842,3,748,80,1,0.40901,0.409,0.0025562,0
0.73676,81,0,80,1,0.41001,0.41,0.0025625,0
0.7351,81,0,80,1,0.41101,0.411,0.0025687,0
0.73343,81,0,80,1,0.41201,0.412,0.002575,0
0.73202,82,0,0,1,0.41301,0.413,0.0025812,0
0.73085,82,0,0,1,0.41401,0.414,0.0025875,0
0.72968,82,0,0,1,0.41501,0.415,0.0025937,0
0.72851,82,0,0,1,0.41601,0.416,0.0026,0
0.72734,87,0,0,1,0.41701,0.417,0.0026063,0
0.72617,87,0,0,1,0.41801,0.418,0.0026125,0
0.72519,3,0,0,1,0.41901,0.419,0.0026188,0
0.72477,3,0,0,1,0.42001,0.42,0.002625,0
0.72434,3,0,0,1,0.42101,0.421,0.0026313,0
0.72392,3,0,0,1,0.42201,0.422,0.0026375,0
0.72349,85,470,0,1,0.42301,0.423,0.0026438,0
0.72307,85,470,0,1,0.42401,0.424,0.00265,0
0.72264,72,0,0,1,0.42501,0.425,0.0026563,0
0.72324,72,0,0,1,0.42601,0.426,0.0026625,0
0.72383,72,0,0,1,0.42701,0.427,0.0026688,0
0.72442,72,0,0,1,0.42801,0.428,0.002675,0
0.72502,68,0,0,1,0.42901,0.429,0.0026812,0
0.72561,68,0,0,1,0.43001,0.43,0.0026875,0
0.7262,68,0,0,1,0.43101,0.431,0.0026937,0
0.72765,71,0,0,1,0.43201,0.432,0.0027,0
0.72938,71,0,0,1,0.43301,0.433,0.0027062,0
0.73112,71,0,0,1,0.43401,0.434,0.0027125,0
0.73285,3,0,0,1,0.43501,0.435,0.0027187,0
0.73459,3,0,0,1,0.43601,0.436,0.002725,0
0.73632,3,0,0,1,0.43701,0.437,0.0027312,0
0.73849,73,301,0,1,0.43801,0.438,0.0027375,0
0.74108,73,301,0,1,0.43901,0.439,0.0027438,0
0.74368,73,301,0,1,0.44001,0.44,0.00275,0
0.74628,76,0,0,1,0.44101,0.441,0.0027563,0
0.74888,76,0,0,1,0.44201,0.442,0.0027625,0
0.75148,76,0,0,1,0.44301,0.443,0.0027688,0
0.7541,79,0,0,1,0.44401,0.444,0.002775,0
0.75683,79,0,0,1,0.44501,0.445,0.0027813,0
0.75955,79,0,0,1,0.44601,0.446,0.0027875,0
0.76227,79,0,0,1,0.44701,0.447,0.0027938,0
0.76499,72,0,0,1,0.44801,0.448,0.0028,0
0.76771,72,0,0,1,0.44901,0.449,0.0028063,0
0.77043,72,0,0,1,0.45001,0.45,0.0028125,0
0.77238,3,0,0,1,0.45101,0.451,0.0028187,0
0.77433,3,0,0,1,0.45201,0.452,0.002825,0
0.77628,3,0,0,1,0.45301,0.453,0.0028312,0
0.77823,76,213,0,1,0.45401,0.454,0.0028375,0
0.78018,76,213,0,1,0.45501,0.455,0.0028437,0
0.78213,76,213,0,1,0.45601,0.456,0.00285,0
0.78307,81,0,0,1,0.45701,0.457,0.0028562,0
0.78366,81,0,0,1,0.45801,0.458,0.0028625,0
0.78425,81,0,0,1,0.45901,0.459,0.0028687,0
0.78484,73,0,0,1,0.46001,0.46,0.002875,0
0.78543,73,0,0,1,0.46101,0.461,0.0028813,0
0.78602,73,0,0,1,0.46201,0.462,0.0028875,0
0.78587,82,0,0,1,0.46301,0.463,0.0028938,0
0.78497,82,0,0,1,0.46401,0.464,0.0029,0
0.78408,82,0,0,1,0.46501,0.465,0.0029063,0
0.78319,85,0,0,1,0.46601,0.466,0.0029125,0
0.78229,85,0,0,1,0.46701,0.467,0.0029188,0
0.7814,85,0,0,1,0.46801,0.468,0.002925,0
0.78019,80,469,0,1,0.46901,0.469,0.0029313,0
0.77801,80,469,0,1,0.47001,0.47,0.0029375,0
0.77584,80,469,0,1,0.47101,0.471,0.0029438,0
0.77367,80,469,0,1,0.47201,0.472,0.00295,0
0.77149,68,0,0,1,0.47301,0.473,0.0029562,0
0.76932,68,0,0,1,0.47401,0.474,0.0029625,0
0.76715,68,0,0,1,0.47501,0.475,0.0029687,0
0.76403,87,0,80,1,0.47601,0.476,0.002975,0
0.7609,87,0,80,1,0.47701,0.477,0.0029812,0
0.75778,87,0,80,1,0.47801,0.478,0.0029875,0
0.75466,76,0,80,1,0.47901,0.479,0.0029937,0
0.75153,76,0,80,1,0.48001,0.48,0.003,0
0.74841,76,0,80,1,0.48101,0.481,0.0030062,0
0.74481,82,0,80,1,0.48201,0.482,0.0030125,0
0.74106,82,0,80,1,0.48301,0.483,0.0030188,0
0.73731,82,0,80,1,0.48401,0.484,0.003025,0
0.73355,81,486,80,1,0.48501,0.485,0.0030313,0
0.7298,81,486,80,1,0.48601,0.486,0.0030375,0
0.72604,81,486,80,1,0.48701,0.487,0.0030438,0
0.7221,0,0,160,1,0.48801,0.488,0.00305,0
0.71798,0,0,160,1,0.48901,0.489,0.0030563,0
0.71385,0,0,160,1,0.49001,0.49,0.0030625,0
0.70972,0,0,160,1,0.49101,0.491,0.0030688,0
0.70559,0,0,160,1,0.49201,0.492,0.003075,0
0.70147,0,0,160,1,0.49301,0.493,0.0030813,0
0.69729,0,0,160,1,0.49401,0.494,0.0030875,0
0.69297,0,0,160,1,0.49501,0.495,0.0030937,0
0.68866,0,0,160,1,0.49601,0.496,0.0031,0
0.68434,0,0,160,1,0.49701,0.497,0.0031062,0
0.68002,0,0,160,1,0.49801,0.498,0.0031125,0
0.6757,0,0,160,1,0.49901,0.499,0.0031187,0
0.67139,0,0,160,1,0.50001,0.5,0.003125,0
0.667,0,3670065,160,1,0.50101,0.501,0.0031312,0
0.66261,0,3670065,160,1,0.50201,0.502,0.0031375,0
0.65821,0,3670065,160,1,0.50301,0.503,0.0031437,0
0.65382,0,3211329,160,1,0.50401,0.504,0.00315,0
0.64943,0,3211329,160,1,0.50501,0.505,0.0031563,0
0.64504,0,3211329,160,1,0.50601,0.506,0.0031625,0
0.64064,0,3211310,160,1,0.50701,0.507,0.0031688,0
0.63624,0,3211310,160,1,0.50801,0.508,0.003175,0
0.63184,0,3211310,160,1,0.50901,0.509,0.0031813,0
0.62744,0,2883635,160,1,0.51001,0.51,0.0031875,0
0.62304,0,2883635,160,1,0.51101,0.511,0.0031938,0
0.61864,0,2883635,160,1,0.51201,0.512,0.0032,0
0.61425,0,3014705,160,1,0.51301,0.513,0.0032063,0
0.60986,0,3014705,160,1,0.51401,0.514,0.0032125,0
0.60547,0,3014705,160,1,0.51501,0.515,0.0032188,0
0.60108,0,3342385,160,1,0.51601,0.516,0.003225,0
0.59669,0,3342385,160,1,0.51701,0.517,0.0032312,0
0.5923,0,3342385,160,1,0.51801,0.518,0.0032375,0
0.58792,0,3145772,160,1,0.51901,0.519,0.0032437,0
0.58354,0,3145772,160,1,0.52001,0.52,0.00325,0
0.57915,0,3145772,160,1,0.52101,0.521,0.0032562,0
0.57477,0,3145772,160,1,0.52201,0.522,0.0032625,0
0.57039,0,3145772,160,1,0.52301,0.523,0.0032687,0
0.56601,0,3145772,160,1,0.52401,0.524,0.003275,0
0.56163,0,3145772,160,1,0.52501,0.525,0.0032812,0
0.55724,0,3211308,40,1,0.52601,0.526,0.0032875,0
0.55285,0,3211308,40,1,0.52701,0.527,0.0032938,0
0.54846,0,3276844,40,1,0.52801,0.528,0.0033,0
0.54407,0,3276844,40,1,0.52901,0.529,0.0033063,0
0.53968,0,3276844,40,1,0.53001,0.53,0.0033125,0
0.53528,0,3276844,40,1,0.53101,0.531,0.0033188,0
0.53087,0,3014705,40,1,0.53201,0.532,0.003325,0
0.52646,0,3014705,40,1,0.53301,0.533,0.0033313,0
0.52204,0,3014705,40,1,0.53401,0.534,0.0033375,0
0.51763,0,3342388,40,1,0.53501,0.535,0.0033438,0
0.51321,0,3342388,40,1,0.53601,0.536,0.00335,0
0.5088,0,3342388,40,1,0.53701,0.537,0.0033563,0
0.50437,244,3473452,0,1,0.53801,0.538,0.0033625,0
0.49993,244,3473452,0,1,0.53901,0.539,0.0033687,0
0.49548,244,3473452,0,1,0.54001,0.54,0.003375,0
0.49104,536,3014705,0,1,0.54101,0.541,0.0033812,0
0.4866,536,3014705,0,1,0.54201,0.542,0.0033875,0
0.48216,536,3014705,0,1,0.54301,0.543,0.0033937,0
0.47772,469,3407921,0,1,0.54401,0.544,0.0034,0
0.47327,469,3407921,0,1,0.54501,0.545,0.0034062,0
0.46883,469,3407921,0,1,0.54601,0.546,0.0034125,0
0.46439,486,2228314,0,1,0.54701,0.547,0.0034187,0
0.45994,486,2228314,0,1,0.54801,0.548,0.003425,0
0.4555,486,2228314,0,1,0.54901,0.549,0.0034313,0
0.45105,213,7536672,0,1,0.55001,0.55,0.0034375,0
0.44665,213,7536672,0,1,0.55101,0.551,0.0034438,0
0.44225,213,7536672,0,1,0.55201,0.552,0.00345,0
0.43785,487,7929972,0,1,0.55301,0.553,0.0034563,0
0.43345,487,7929972,0,1,0.55401,0.554,0.0034625,0
0.42905,487,7929972,0,1,0.55501,0.555,0.0034688,0
0.42465,487,7929972,0,1,0.55601,0.556,0.003475,0
0.42033,244,6619244,0,1,0.55701,0.557,0.0034813,0
0.41605,244,6619244,0,1,0.55801,0.558,0.0034875,0
0.41176,244,6619244,0,1,0.55901,0.559,0.0034938,0
0.40747,486,2228285,0,1,0.56001,0.56,0.0035,0
0.40318,486,2228285,0,1,0.56101,0.561,0.0035062,0
0.39889,486,2228285,0,1,0.56201,0.562,0.0035125,0
0.3947,469,6881382,0,1,0.56301,0.563,0.0035187,0
0.3906,469,6881382,0,1,0.56401,0.564,0.003525,0
0.38651,469,6881382,0,1,0.56501,0.565,0.0035312,0
0.38241,301,7077996,0,1,0.56601,0.566,0.0035375,0
0.37831,301,7077996,0,1,0.56701,0.567,0.0035437,0
0.37422,301,7077996,0,1,0.56801,0.568,0.00355,0
0.37019,244,2293818,0,1,0.56901,0.569,0.0035562,0
0.36636,244,2293818,0,1,0.57001,0.57,0.0035625,0
0.36254,244,2293818,0,1,0.57101,0.571,0.0035688,0
0.35871,315,3670071,0,1,0.57201,0.572,0.003575,0
0.35488,315,3670071,0,1,0.57301,0.573,0.0035813,0
0.35106,315,3670071,0,1,0.57401,0.574,0.0035875,0
0.34723,315,3670071,0,1,0.57501,0.575,0.0035938,0
0.34374,472,3670071,0,1,0.57601,0.576,0.0036,0
0.34025,472,3670071,0,1,0.57701,0.577,0.0036063,0
0.33676,470,3670071,0,1,0.57801,0.578,0.0036125,0
0.33327,470,3670071,0,1,0.57901,0.579,0.0036188,0
0.32978,470,3670071,0,1,0.58001,0.58,0.003625,0
0.3263,470,3670071,0,1,0.58101,0.581,0.0036313,0
0.32309,487,3080226,0,1,0.58201,0.582,0.0036375,0
0.31999,487,3080226,0,1,0.58301,0.583,0.0036437,0
0.31689,244,3932222,0,1,0.58401,0.584,0.00365,0
0.31378,244,3932222,0,1,0.58501,0.585,0.0036562,0
0.31068,244,3932222,0,1,0.58601,0.586,0.0036625,0
0.30757,244,3932222,0,1,0.58701,0.587,0.0036687,0
0.30467,270,6357104,80,1,0.58801,0.588,0.003675,0
0.30198,270,6357104,80,1,0.58901,0.589,0.0036812,0
0.29928,270,6357104,80,1,0.59001,0.59,0.0036875,0
0.29658,213,6815860,80,1,0.59101,0.591,0.0036937,0
0.29389,213,6815860,80,1,0.59201,0.592,0.0037,0
0.29119,213,6815860,80,1,0.59301,0.593,0.0037063,0
0.2886,213,6553632,80,1,0.59401,0.594,0.0037125,0
0.2863,213,6553632,80,1,0.59501,0.595,0.0037188,0
0.28401,213,6553632,80,1,0.59601,0.596,0.003725,0
0.28172,472,2228285,80,1,0.59701,0.597,0.0037313,0
0.27943,472,2228285,80,1,0.59801,0.598,0.0037375,0
0.27714,472,2228285,80,1,0.59901,0.599,0.0037438,0
0.27485,244,3407949,160,1,0.60001,0.6,0.00375,0
0.27293,244,3407949,160,1,0.60101,0.601,0.0037563,0
0.27102,244,3407949,160,1,0.60201,0.602,0.0037625,0
0.2691,213,3014705,160,1,0.60301,0.603,0.0037688,0
0.26719,213,3014705,160,1,0.60401,0.604,0.003775,0
0.26527,213,3014705,160,1,0.60501,0.605,0.0037812,0
0.26336,213,3014705,160,1,0.60601,0.606,0.0037875,0
0.26169,486,2883637,160,1,0.60701,0.607,0.0037937,0
0.2601,486,2883637,160,1,0.60801,0.608,0.0038,0
0.25851,270,3211317,160,1,0.60901,0.609,0.0038062,0
0.25692,270,3211317,160,1,0.61001,0.61,0.0038125,0
0.25533,270,3211317,160,1,0.61101,0.611,0.0038187,0
0.25374,270,3211317,160,1,0.61201,0.612,0.003825,0
0.25228,469,3211310,160,1,0.61301,0.613,0.0038312,0
0.25094,469,3211310,160,1,0.61401,0.614,0.0038375,0
0.2496,315,6357044,160,1,0.61501,0.615,0.0038438,0
0.24826,315,6357044,160,1,0.61601,0.616,0.00385,0
0.24693,315,6357044,160,1,0.61701,0.617,0.0038563,0
0.24559,315,6357044,160,1,0.61801,0.618,0.0038625,0
0.24429,748,3014705,160,1,0.61901,0.619,0.0038688,0
0.2431,748,3014705,160,1,0.62001,0.62,0.003875,0
0.24191,748,3014705,160,1,0.62101,0.621,0.0038813,0
0.24073,470,3342385,160,1,0.62201,0.622,0.0038875,0
0.23954,470,3342385,160,1,0.62301,0.623,0.0038938,0
0.23836,470,3342385,160,1,0.62401,0.624,0.0039,0
0.23717,301,3211308,80,1,0.62501,0.625,0.0039062,0
0.23601,301,3211308,80,1,0.62601,0.626,0.0039125,0
0.23485,301,3211308,80,1,0.62701,0.627,0.0039188,0
0.23369,213,3211310,80,1,0.62801,0.628,0.003925,0
0.23253,213,3211310,80,1,0.62901,0.629,0.0039312,0
0.23137,213,3211310,80,1,0.63001,0.63,0.0039375,0
0.23021,213,3211310,80,1,0.63101,0.631,0.0039438,0
0.22895,469,2883635,80,1,0.63201,0.632,0.00395,0
0.22766,469,2883635,80,1,0.63301,0.633,0.0039562,0
0.22636,486,2883632,80,1,0.63401,0.634,0.0039625,0
0.22507,486,2883632,80,1,0.63501,0.635,0.0039688,0
0.22378,486,2883632,80,1,0.63601,0.636,0.003975,0
0.22248,486,2883632,80,1,0.63701,0.637,0.0039812,0
0.22103,0,2883632,0,1,0.63801,0.638,0.0039875,0
0.21942,0,2883632,0,1,0.63901,0.639,0.0039938,0
0.2178,0,2949169,0,1,0.64001,0.64,0.004,0
0.21619,0,2949169,0,1,0.64101,0.641,0.0040062,0
0.21457,0,2949169,0,1,0.64201,0.642,0.0040125,0
0.21296,0,2949169,0,1,0.64301,0.643,0.0040188,0
0.21121,0,3014705,0,1,0.64401,0.644,0.004025,0
0.20908,0,3014705,0,1,0.64501,0.645,0.0040312,0
0.20695,0,3670064,0,1,0.64601,0.646,0.0040375,0
0.20483,0,3670064,0,1,0.64701,0.647,0.0040437,0
0.2027,0,3670064,0,1,0.64801,0.648,0.00405,0
0.20057,0,3670064,0,1,0.64901,0.649,0.0040563,0
0.19844,0,3670064,0,1,0.65001,0.65,0.0040625,0
0.1957,0,3014701,0,1,0.65101,0.651,0.0040687,0
0.19297,0,3014701,0,1,0.65201,0.652,0.004075,0
0.19024,0,7077944,0,1,0.65301,0.653,0.0040813,0
0.1875,0,7077944,0,1,0.65401,0.654,0.0040875,0
0.18477,0,7077944,0,1,0.65501,0.655,0.0040937,0
0.18204,0,7077944,0,1,0.65601,0.656,0.0041,0
0.17901,0,3276845,0,1,0.65701,0.657,0.0041063,0
0.17589,0,3276845,0,1,0.65801,0.658,0.0041125,0
0.17277,0,3211310,0,1,0.65901,0.659,0.0041187,0
0.16964,0,3211310,0,1,0.66001,0.66,0.004125,0
0.16652,0,3211310,0,1,0.66101,0.661,0.0041313,0
0.1634,0,3211310,0,1,0.66201,0.662,0.0041375,0
0.16037,0,2949169,0,1,0.66301,0.663,0.0041437,0
0.15745,0,2949169,0,1,0.66401,0.664,0.00415,0
0.15452,0,3014711,0,1,0.66501,0.665,0.0041563,0
0.15159,0,3014711,0,1,0.66601,0.666,0.0041625,0
0.14867,0,3014711,0,1,0.66701,0.667,0.0041687,0
0.14574,0,3014711,0,1,0.66801,0.668,0.004175,0
0.14301,0,3670065,0,1,0.66901,0.669,0.0041812,0
0.14089,0,3670065,0,1,0.67001,0.67,0.0041875,0
0.13877,0,3211361,0,1,0.67101,0.671,0.0041938,0
0.13664,0,3211361,0,1,0.67201,0.672,0.0042,0
0.13452,0,3211361,0,1,0.67301,0.673,0.0042062,0
0.1324,0,3211361,0,1,0.67401,0.674,0.0042125,0
0.13028,0,3211310,0,1,0.67501,0.675,0.0042188,0
0.1291,0,3211310,0,1,0.67601,0.676,0.004225,0
0.12793,0,3211310,0,1,0.67701,0.677,0.0042312,0
0.12676,0,2883635,0,1,0.67801,0.678,0.0042375,0
0.12559,0,2883635,0,1,0.67901,0.679,0.0042438,0
0.12442,0,2883635,0,1,0.68001,0.68,0.00425,0
0.12324,0,2883635,0,1,0.68101,0.681,0.0042562,0
0.12257,0,3014705,0,1,0.68201,0.682,0.0042625,0
0.12206,0,3014705,0,1,0.68301,0.683,0.0042688,0
0.12155,0,3342385,0,1,0.68401,0.684,0.004275,0
0.12105,0,3342385,0,1,0.68501,0.685,0.0042812,0
0.12054,0,3342385,0,1,0.68601,0.686,0.0042875,0
0.12003,0,3342385,0,1,0.68701,0.687,0.0042938,0
0.11969,0,3145772,0,1,0.68801,0.688,0.0043,0
0.11951,0,3145772,0,1,0.68901,0.689,0.0043062,0
0.11932,0,3145772,0,1,0.69001,0.69,0.0043125,0
0.11914,0,3145772,0,1,0.69101,0.691,0.0043187,0
0.11896,0,3145772,0,1,0.69201,0.692,0.004325,0
0.11878,0,3145772,0,1,0.69301,0.693,0.0043313,0
0.11863,0,3211308,0,1,0.69401,0.694,0.0043375,0
0.11857,0,3211308,0,1,0.69501,0.695,0.0043437,0
0.11852,0,3276844,0,1,0.69601,0.696,0.00435,0
0.11847,0,3276844,0,1,0.69701,0.697,0.0043563,0
0.11841,0,3276844,0,1,0.69801,0.698,0.0043625,0
0.11836,0,3276844,0,1,0.69901,0.699,0.0043687,0
0.1183,0,3276844,0,1,0.70001,0.7,0.004375,0
0.11829,0,3211310,80,1,0.70101,0.701,0.0043813,0
0.11828,0,2949174,80,1,0.70201,0.702,0.0043875,0
0.11827,0,2949174,80,1,0.70301,0.703,0.0043937,0
0.11826,0,2949174,80,1,0.70401,0.704,0.0044,0
0.11825,0,2949174,80,1,0.70501,0.705,0.0044063,0
0.11824,0,2949174,80,1,0.70601,0.706,0.0044125,0
0.11824,0,3538990,80,1,0.70701,0.707,0.0044187,0
0.11825,0,3538990,80,1,0.70801,0.708,0.004425,0
0.11826,0,7077940,80,1,0.70901,0.709,0.0044313,0
0.11826,0,7077940,80,1,0.71001,0.71,0.0044375,0
0.11827,0,7077940,80,1,0.71101,0.711,0.0044437,0
0.11827,0,7077940,80,1,0.71201,0.712,0.00445,0
0.11828,0,3014706,160,1,0.71301,0.713,0.0044562,0
0.11829,0,3014706,160,1,0.71401,0.714,0.0044625,0
0.1183,0,3276849,160,1,0.71501,0.715,0.0044688,0
0.11831,0,3276849,160,1,0.71601,0.716,0.004475,0
0.11832,0,3276849,160,1,0.71701,0.717,0.0044812,0
0.11833,0,3276849,160,1,0.71801,0.718,0.0044875,0
0.11835,0,3604524,160,1,0.71901,0.719,0.0044938,0
0.11836,0,3604524,160,1,0.72001,0.72,0.0045,0
0.11837,0,3211310,160,1,0.72101,0.721,0.0045062,0
0.11839,0,3211310,160,1,0.72201,0.722,0.0045125,0
0.1184,0,3211310,160,1,0.72301,0.723,0.0045188,0
0.11841,0,3211310,160,1,0.72401,0.724,0.004525,0
0.11843,0,6357048,80,1,0.72501,0.725,0.0045312,0
0.11844,0,6357048,80,1,0.72601,0.726,0.0045375,0
0.11846,0,3014705,80,1,0.72701,0.727,0.0045438,0
0.11847,0,3014705,80,1,0.72801,0.728,0.00455,0
0.11849,0,3014705,80,1,0.72901,0.729,0.0045562,0
0.1185,0,3014705,80,1,0.73001,0.73,0.0045625,0
0.11852,0,3014705,80,1,0.73101,0.731,0.0045688,0
0.11854,0,3276849,80,1,0.73201,0.732,0.004575,0
0.11855,0,3211308,80,1,0.73301,0.733,0.0045812,0
0.11857,0,3211308,80,1,0.73401,0.734,0.0045875,0
0.11859,0,3211308,80,1,0.73501,0.735,0.0045937,0
0.1186,0,3211308,80,1,0.73601,0.736,0.0046,0
0.11862,0,3211308,80,1,0.73701,0.737,0.0046063,0
0.11864,0,3211310,0,1,0.73801,0.738,0.0046125,0
0.11865,0,3211310,0,1,0.73901,0.739,0.0046187,0
0.11867,0,2883634,0,1,0.74001,0.74,0.004625,0
0.11869,0,2883634,0,1,0.74101,0.741,0.0046313,0
0.11871,0,2883634,0,1,0.74201,0.742,0.0046375,0
0.11873,0,2883634,0,1,0.74301,0.743,0.0046437,0
0.11874,0,2883632,0,1,0.74401,0.744,0.00465,0
0.11876,0,2883632,0,1,0.74501,0.745,0.0046563,0
0.11878,0,2883632,0,1,0.74601,0.746,0.0046625,0
0.1188,0,2883632,0,1,0.74701,0.747,0.0046687,0
0.11882,0,2883632,0,1,0.74801,0.748,0.004675,0
0.11884,0,2883632,0,1,0.74901,0.749,0.0046813,0
0.11886,0,2949169,0,1,0.75001,0.75,0.0046875,0
0.11888,0,2949169,0,1,0.75101,0.751,0.0046937,0
0.1189,0,3014705,0,1,0.75201,0.752,0.0047,0
0.11892,0,3014705,0,1,0.75301,0.753,0.0047063,0
0.11894,0,3014705,0,1,0.75401,0.754,0.0047125,0
0.11896,0,3014705,0,1,0.75501,0.755,0.0047187,0
0.11898,0,3014705,0,1,0.75601,0.756,0.004725,0
0.119,0,3735600,0,1,0.75701,0.757,0.0047312,0
0.11902,0,3211308,0,1,0.75801,0.758,0.0047375,0
0.11904,0,3211308,0,1,0.75901,0.759,0.0047438,0
0.11906,0,3211308,0,1,0.76001,0.76,0.00475,0
0.11908,0,3211308,0,1,0.76101,0.761,0.0047562,0
0.1191,0,3211308,0,1,0.76201,0.762,0.0047625,0
0.11912,0,3407918,0,1,0.76301,0.763,0.0047688,0
0.11914,0,5898292,0,1,0.76401,0.764,0.004775,0
0.11916,0,5898292,0,1,0.76501,0.765,0.0047812,0
0.11918,0,5898292,0,1,0.76601,0.766,0.0047875,0
0.1192,0,5898292,0,1,0.76701,0.767,0.0047938,0
0.11922,0,5898292,0,1,0.76802,0.768,0.0048,0
0.11924,0,2097186,0,1,0.76902,0.769,0.0048062,0
0.11926,0,2097186,0,1,0.77002,0.77,0.0048125,0
0.11928,0,7602291,0,1,0.77102,0.771,0.0048188,0
0.1193,0,7602291,0,1,0.77202,0.772,0.004825,0
0.11932,0,7602291,0,1,0.77302,0.773,0.0048312,0
0.11933,0,7602291,0,1,0.77402,0.774,0.0048375,0
0.11935,0,7602291,0,1,0.77502,0.775,0.0048438,0
0.11937,0,7078009,0,1,0.77602,0.776,0.00485,0
0.11939,0,3997797,0,1,0.77702,0.777,0.0048562,0
0.11941,0,3997797,0,1,0.77802,0.778,0.0048625,0
0.11943,0,3997797,0,1,0.77902,0.779,0.0048687,0
0.11945,0,3997797,0,1,0.78002,0.78,0.004875,0
0.11947,0,3997797,0,1,0.78102,0.781,0.0048813,0
0.11949,0,6684706,0,1,0.78202,0.782,0.0048875,0
0.11951,0,7077993,0,1,0.78302,0.783,0.0048937,0
0.11953,0,7077993,0,1,0.78402,0.784,0.0049,0
0.11955,0,7077993,0,1,0.78502,0.785,0.0049063,0
0.11957,0,7077993,0,1,0.78602,0.786,0.0049125,0
0.11958,0,7077993,0,1,0.78702,0.787,0.0049187,0
0.1196,0,3801196,0,1,0.78802,0.788,0.004925,0
0.11962,0,3604515,0,1,0.78902,0.789,0.0049313,0
0.11964,0,3604515,0,1,0.79002,0.79,0.0049375,0
0.11966,0,3604515,0,1,0.79102,0.791,0.0049437,0
0.11968,0,3604515,0,1,0.79202,0.792,0.00495,0
0.1197,0,3604515,0,1,0.79302,0.793,0.0049563,0
0.11971,0,3604536,0,1,0.79402,0.794,0.0049625,0
0.11973,0,3604536,0,1,0.79502,0.795,0.0049687,0
0.11975,0,3604536,0,1,0.79602,0.796,0.004975,0
0.11977,0,3604536,0,1,0.79702,0.797,0.0049813,0
0.11979,0,3604536,0,1,0.79802,0.798,0.0049875,0
0.11981,0,3604536,0,1,0.79902,0.799,0.0049937,0
0.11983,0,2228280,0,1,0.80002,0.8,0.005,0
0.11984,0,2228280,0,1,0.80102,0.801,0.0050062,0
0.11986,0,4063279,0,1,0.80202,0.802,0.0050125,0
0.11988,0,4063279,0,1,0.80302,0.803,0.0050188,0
0.1199,0,4063279,0,1,0.80402,0.804,0.005025,0
0.11992,0,4063279,0,1,0.80502,0.805,0.0050312,0
0.11994,0,4063279,0,1,0.80602,0.806,0.0050375,0
0.11996,0,7340092,0,1,0.80702,0.807,0.0050438,0
0.11998,0,7602273,0,1,0.80802,0.808,0.00505,0
0.12,0,7602273,0,1,0.80902,0.809,0.0050562,0
0.12002,0,7602273,0,1,0.81002,0.81,0.0050625,0
0.12004,0,7602273,0,1,0.81102,0.811,0.0050688,0
0.12006,0,7602273,0,1,0.81202,0.812,0.005075,0
0.12008,0,2097256,80,1,0.81302,0.813,0.0050812,0
0.12011,0,3997796,80,1,0.81402,0.814,0.0050875,0
0.12013,0,3997796,80,1,0.81502,0.815,0.0050938,0
0.12015,0,3997796,80,1,0.81602,0.816,0.0051,0
0.12017,0,3997796,80,1,0.81702,0.817,0.0051062,0
0.1202,0,3997796,80,1,0.81802,0.818,0.0051125,0
0.12022,753,801,80,1,0.81902,0.819,0.0051188,0
0.12025,0,0,80,1,0.82002,0.82,0.005125,0
0.12027,0,0,80,1,0.82102,0.821,0.0051312,0
0.1203,0,0,80,1,0.82202,0.822,0.0051375,0
0.12032,0,0,80,1,0.82302,0.823,0.0051437,0
0.12035,0,0,80,1,0.82402,0.824,0.00515,0
0.12038,0,0,80,1,0.82502,0.825,0.0051563,0
0.12041,86928896,118722576,80,1,0.82602,0.826,0.0051625,0
0.12044,0,0,80,1,0.82702,0.827,0.0051687,0
0.12047,0,0,80,1,0.82802,0.828,0.005175,0
0.12049,0,0,80,1,0.82902,0.829,0.0051813,0
0.12052,0,0,80,1,0.83002,0.83,0.0051875,0
0.12055,0,0,80,1,0.83102,0.831,0.0051937,0
0.12059,2839629696,2839629744,80,1,0.83202,0.832,0.0052,0
0.12062,32525,32525,80,1,0.83302,0.833,0.0052063,0
0.12066,32525,32525,80,1,0.83402,0.834,0.0052125,0
0.12069,32525,32525,80,1,0.83502,0.835,0.0052187,0
0.12073,32525,32525,80,1,0.83602,0.836,0.005225,0
0.12076,32525,32525,80,1,0.83702,0.837,0.0052313,0
0.1208,151587089,6357044,0,1,0.83802,0.838,0.0052375,0
0.12084,152111369,3014705,0,1,0.83902,0.839,0.0052437,0
0.12088,152111369,3014705,0,1,0.84002,0.84,0.00525,0
0.12091,152111369,3014705,0,1,0.84102,0.841,0.0052563,0
0.12095,152111369,3014705,0,1,0.84202,0.842,0.0052625,0
0.12099,152111369,3014705,0,1,0.84302,0.843,0.0052687,0
0.12103,152111369,3342385,0,1,0.84402,0.844,0.005275,0
0.12108,285804809,3211308,0,1,0.84502,0.845,0.0052812,0
0.12112,285804809,3211308,0,1,0.84602,0.846,0.0052875,0
0.12116,285804809,3211308,0,1,0.84702,0.847,0.0052938,0
0.12121,285804809,3211308,0,1,0.84802,0.848,0.0053,0
0.12125,285804809,3211308,0,1,0.84902,0.849,0.0053062,0
0.1213,151587081,3211310,0,1,0.85002,0.85,0.0053125,0
0.12134,151587089,2883635,0,1,0.85102,0.851,0.0053188,0
0.12139,151587089,2883635,0,1,0.85202,0.852,0.005325,0
0.12144,151587089,2883635,0,1,0.85302,0.853,0.0053312,0
0.12149,151587089,2883635,0,1,0.85402,0.854,0.0053375,0
0.12153,151587089,2883635,0,1,0.85502,0.855,0.0053438,0
0.12158,151587089,2883635,0,1,0.85602,0.856,0.00535,0
0.12163,151587081,2883632,0,1,0.85702,0.857,0.0053562,0
0.12168,151587081,2883632,0,1,0.85802,0.858,0.0053625,0
0.12173,151587081,2883632,0,1,0.85902,0.859,0.0053688,0
0.12179,151587081,2883632,0,1,0.86002,0.86,0.005375,0
0.12184,151587081,2883632,0,1,0.86102,0.861,0.0053812,0
0.12189,151587081,2883632,0,1,0.86202,0.862,0.0053875,0
0.12194,0,2949169,0,1,0.86302,0.863,0.0053938,0
0.12199,0,3670062,0,1,0.86402,0.864,0.0054,0
0.12205,0,3670062,0,1,0.86502,0.865,0.0054062,0
0.1221,0,3670062,0,1,0.86602,0.866,0.0054125,0
0.12215,0,3670062,0,1,0.86702,0.867,0.0054187,0
0.1222,0,3670062,0,1,0.86802,0.868,0.005425,0
0.12226,0,2949176,0,1,0.86902,0.869,0.0054313,0
0.12231,0,3407918,0,1,0.87002,0.87,0.0054375,0
0.12237,0,3407918,0,1,0.87102,0.871,0.0054437,0
0.12242,0,3407918,0,1,0.87202,0.872,0.00545,0
0.12247,0,3407918,0,1,0.87302,0.873,0.0054563,0
0.12253,0,3407918,0,1,0.87402,0.874,0.0054625,0
0.12258,0,3407918,0,1,0.87502,0.875,0.0054687,0
0.12263,201,3407917,0,1,0.87602,0.876,0.005475,0
0.12269,201,3407917,0,1,0.87702,0.877,0.0054813,0
0.12274,201,3407917,0,1,0.87802,0.878,0.0054875,0
0.12279,201,3407917,0,1,0.87902,0.879,0.0054937,0
0.12285,201,3407917,0,1,0.88002,0.88,0.0055,0
0.1229,201,3407917,0,1,0.88102,0.881,0.0055063,0
0.12295,203,2949177,0,1,0.88202,0.882,0.0055125,0
0.123,203,2949177,0,1,0.88302,0.883,0.0055187,0
0.12305,203,2949177,0,1,0.88402,0.884,0.005525,0
0.12311,203,2949177,0,1,0.88502,0.885,0.0055313,0
0.12316,203,2949177,0,1,0.88602,0.886,0.0055375,0
0.12321,203,2949177,0,1,0.88702,0.887,0.0055437,0
0.12326,204,3014709,0,1,0.88802,0.888,0.00555,0
0.12331,205,3342392,0,1,0.88902,0.889,0.0055562,0
0.12335,205,3342392,0,1,0.89002,0.89,0.0055625,0
0.1234,205,3342392,0,1,0.89102,0.891,0.0055688,0
0.12345,205,3342392,0,1,0.89202,0.892,0.005575,0
0.1235,205,3342392,0,1,0.89302,0.893,0.0055812,0
0.12355,657,3211329,0,1,0.89402,0.894,0.0055875,0
0.12359,0,3211310,0,1,0.89502,0.895,0.0055938,0
0.12363,0,3211310,0,1,0.89602,0.896,0.0056,0
0.12368,0,3211310,0,1,0.89702,0.897,0.0056062,0
0.12372,0,3211310,0,1,0.89802,0.898,0.0056125,0
0.12377,0,3211310,0,1,0.89902,0.899,0.0056188,0
0.12381,0,3211310,0,1,0.90002,0.9,0.005625,0
0.12385,0,3014705,0,1,0.90102,0.901,0.0056312,0
0.12389,0,3014705,0,1,0.90202,0.902,0.0056375,0
0.12393,0,3014705,0,1,0.90302,0.903,0.0056438,0
0.12397,0,3014705,0,1,0.90402,0.904,0.00565,0
0.12401,0,3014705,0,1,0.90502,0.905,0.0056562,0
0.12405,0,3014705,0,1,0.90602,0.906,0.0056625,0
0.12408,32525,3145772,0,1,0.90702,0.907,0.0056688,0
0.12412,32525,3145772,0,1,0.90802,0.908,0.005675,0
0.12415,32525,3145772,0,1,0.90902,0.909,0.0056812,0
0.12419,32525,3145772,0,1,0.91002,0.91,0.0056875,0
0.12422,32525,3145772,0,1,0.91102,0.911,0.0056937,0
0.12425,32525,3145772,0,1,0.91202,0.912,0.0057,0
0.12429,212,3145772,0,1,0.91302,0.913,0.0057063,0
0.12431,213,3211308,0,1,0.91402,0.914,0.0057125,0
0.12434,213,3211308,0,1,0.91502,0.915,0.0057187,0
0.12437,213,3211308,0,1,0.91602,0.916,0.005725,0
0.1244,213,3211308,0,1,0.91702,0.917,0.0057313,0
0.12443,213,3211308,0,1,0.91802,0.918,0.0057375,0
0.12446,214,3407916,0,1,0.91902,0.919,0.0057437,0
0.12448,215,2883640,0,1,0.92002,0.92,0.00575,0
0.1245,215,2883640,0,1,0.92102,0.921,0.0057563,0
0.12453,215,2883640,0,1,0.92202,0.922,0.0057625,0
0.12455,215,2883640,0,1,0.92302,0.923,0.0057687,0
0.12457,215,2883640,0,1,0.92402,0.924,0.005775,0
0.1246,216,3670067,20,1,0.92502,0.925,0.0057813,0
0.12462,217,3276846,20,1,0.92602,0.926,0.0057875,0
0.12463,217,3276846,20,1,0.92702,0.927,0.0057937,0
0.12465,217,3276846,20,1,0.92802,0.928,0.0058,0
0.12467,217,3276846,20,1,0.92902,0.929,0.0058063,0
0.12469,217,3276846,20,1,0.93002,0.93,0.0058125,0
0.12471,217,3276846,20,1,0.93102,0.931,0.0058187,0
0.12472,219,3014708,20,1,0.93202,0.932,0.005825,0
0.12474,219,3014708,20,1,0.93302,0.933,0.0058312,0
0.12475,219,3014708,20,1,0.93402,0.934,0.0058375,0
0.12477,219,3014708,20,1,0.93502,0.935,0.0058438,0
0.12478,219,3014708,20,1,0.93602,0.936,0.00585,0
0.12479,219,3014708,20,1,0.93702,0.937,0.0058562,0
0.12481,221,3014709,0,1,0.93802,0.938,0.0058625,0
0.12482,221,3014709,0,1,0.93902,0.939,0.0058688,0
0.12483,221,3014709,0,1,0.94002,0.94,0.005875,0
0.12484,221,3014709,0,1,0.94102,0.941,0.0058812,0
0.12485,221,3014709,0,1,0.94202,0.942,0.0058875,0
0.12486,221,3014709,0,1,0.94302,0.943,0.0058938,0
0.12487,222,3342392,0,1,0.94402,0.944,0.0059,0
0.12488,223,3211361,0,1,0.94502,0.945,0.0059062,0
0.12488,223,3211361,0,1,0.94602,0.946,0.0059125,0
0.12489,223,3211361,0,1,0.94702,0.947,0.0059188,0
0.1249,223,3211361,0,1,0.94802,0.948,0.005925,0
0.12491,223,3211361,0,1,0.94902,0.949,0.0059312,0
0.12491,223,3211361,0,1,0.95002,0.95,0.0059375,0
0.12492,225,2883635,0,1,0.95102,0.951,0.0059438,0
0.12492,225,2883635,0,1,0.95202,0.952,0.00595,0
0.12493,225,2883635,0,1,0.95302,0.953,0.0059562,0
0.12493,225,2883635,0,1,0.95402,0.954,0.0059625,0
0.12494,225,2883635,0,1,0.95502,0.955,0.0059687,0
0.12494,225,2883635,0,1,0.95602,0.956,0.005975,0
0.12495,227,3342385,0,1,0.95702,0.957,0.0059813,0
0.12495,227,3342385,0,1,0.95802,0.958,0.0059875,0
0.12496,227,3342385,0,1,0.95902,0.959,0.0059937,0
0.12496,227,3342385,0,1,0.96002,0.96,0.006,0
0.12496,227,3342385,0,1,0.96102,0.961,0.0060063,0
0.12497,227,3342385,0,1,0.96202,0.962,0.0060125,0
0.12497,229,3145772,0,1,0.96302,0.963,0.0060187,0
0.12497,229,3145772,0,1,0.96402,0.964,0.006025,0
0.12497,229,3145772,0,1,0.96502,0.965,0.0060313,0
0.12497,229,3145772,0,1,0.96602,0.966,0.0060375,0
0.12498,229,3145772,0,1,0.96702,0.967,0.0060437,0
0.12498,229,3145772,0,1,0.96802,0.968,0.00605,0
0.12498,231,3014701,0,1,0.96902,0.969,0.0060563,0
0.12498,231,3014701,0,1,0.97002,0.97,0.0060625,0
0.12498,231,3014701,0,1,0.97102,0.971,0.0060687,0
0.12499,231,3014701,0,1,0.97202,0.972,0.006075,0
0.12499,231,3014701,0,1,0.97302,0.973,0.0060813,0
0.12499,231,3014701,0,1,0.97402,0.974,0.0060875,0
0.12499,232,3670072,0,1,0.97502,0.975,0.0060937,0
0.12499,233,3211308,0,1,0.97602,0.976,0.0061,0
0.12499,233,3211308,0,1,0.97702,0.977,0.0061062,0
0.12499,233,3211308,0,1,0.97802,0.978,0.0061125,0
0.12499,233,3211308,0,1,0.97902,0.979,0.0061188,0
0.12499,233,3211308,0,1,0.98002,0.98,0.006125,0
0.12499,233,3211308,0,1,0.98102,0.981,0.0061312,0
0.12499,235,5898291,0,1,0.98202,0.982,0.0061375,0
0.12499,235,5898291,0,1,0.98302,0.983,0.0061438,0
0.125,235,5898291,0,1,0.98402,0.984,0.00615,0
0.125,235,5898291,0,1,0.98502,0.985,0.0061562,0
0.125,235,5898291,0,1,0.98602,0.986,0.0061625,0
0.125,235,5898291,0,1,0.98702,0.987,0.0061688,0
0.125,237,7602291,0,1,0.98802,0.988,0.006175,0
0.125,237,7602291,0,1,0.98902,0.989,0.0061812,0
0.125,237,7602291,0,1,0.99002,0.99,0.0061875,0
0.125,237,7602291,0,1,0.99102,0.991,0.0061938,0
0.125,237,7602291,0,1,0.99202,0.992,0.0062,0
0.125,237,7602291,0,1,0.99302,0.993,0.0062062,0
0.125,239,3997797,0,1,0.99402,0.994,0.0062125,0
0.125,239,3997797,0,1,0.99502,0.995,0.0062188,0
0.125,239,3997797,0,1,0.99602,0.996,0.006225,0
0.125,239,3997797,0,1,0.99702,0.997,0.0062312,0
0.125,239,3997797,0,1,0.99802,0.998,0.0062375,0
0.125,239,3997797,0,1,0.99902,0.999,0.0062437,0
nan,0,0,0,0,1,1,0.00625,0
